Clave entidad,Entidad,CVE_MUN,Municipio,Población 2015,Población 2020,Población en situación de pobreza 2010,Población en situación de pobreza 2015,Población en situación de pobreza 2020,Población con ingreso inferior a la línea de pobreza por ingresos 2010,Población con ingreso inferior a la línea de pobreza por ingresos 2015,Población con ingreso inferior a la línea de pobreza por ingresos 2020,Población con carencia por rezago educativo 2010,Población con carencia por rezago educativo 2015,Población con carencia por rezago educativo 2020,Población con carencia por acceso a los servicios de salud 2010,Población con carencia por acceso a los servicios de salud 2015,Población con carencia por acceso a los servicios de salud 2020,Población con carencia por acceso a la seguridad social 2010,Población con carencia por acceso a la seguridad social 2015,Población con carencia por acceso a la seguridad social 2020,Población con carencia por calidad y espacios de la vivienda 2010,Población con carencia por calidad y espacios de la vivienda 2015,Población con carencia por calidad y espacios de la vivienda 2020,Población con carencia por acceso a los servicios básicos en la vivienda 2010,Población con carencia por acceso a los servicios básicos en la vivienda 2015,Población con carencia por acceso a los servicios básicos en la vivienda 2020,Población con carencia por acceso a la alimentación 2010,Población con carencia por acceso a la alimentación 2015,Población con carencia por acceso a la alimentación 2020
21,Puebla,001,Acajete,23481,27615,77.288921,83.052381,89.813324,78.638938,84.579193,92.213734,13.411938,13.169484,10.809938,25.681521,15.027076,25.452914,93.023155,94.105436,93.193606,13.676276,16.019385,14.155613,44.016468,29.650527,40.065359,35.472532,30.287091,45.985987
21,Puebla,002,Acateno,3098,2880,76.65603,83.435581,78.363162,76.85974,83.854924,79.196031,14.06308,11.789622,9.331476,36.400742,13.236851,19.533426,97.625232,97.034945,95.961003,48.051948,38.933992,31.302228,58.589981,68.125662,53.655989,25.046382,18.884575,13.753482
21,Puebla,003,Acatlán,11075,12639,75.392223,72.748442,77.446046,77.208291,76.806408,80.429988,10.262934,5.072472,6.922375,26.431687,9.882283,19.277724,83.430457,86.172805,88.210932,23.662805,14.562414,15.292054,62.686955,40.841416,50.771795,35.9476,20.843031,34.046382
21,Puebla,004,Acatzingo,20009,22840,77.184066,84.165403,90.036874,79.811226,84.803814,91.588895,17.734859,15.767747,16.571493,49.4315,24.515928,39.011427,91.396755,96.539252,96.492391,23.078508,20.336976,14.182612,28.428467,32.353003,27.993155,24.02789,32.305986,31.364602
21,Puebla,005,Acteopan,895,808,84.330517,87.609819,93.578358,84.330517,87.611111,93.593284,15.100317,8.010336,7.338308,31.151003,6.072351,6.716418,99.894403,99.870801,98.880597,36.008448,34.108527,32.462687,97.993664,86.434109,80.970149,16.789863,39.664083,45.149254
21,Puebla,006,Ahuacatlán,5493,4384,89.904377,79.279757,79.329043,90.058265,80.209261,83.925431,9.557097,5.705323,5.086494,15.572188,2.887701,6.02234,98.885869,93.723103,78.444367,45.643,31.025455,24.146651,73.496285,72.728086,64.703156,73.657234,11.185014,21.040443
21,Puebla,007,Ahuatlán,1233,1118,88.478226,95.805109,90.606631,88.478226,95.805109,90.810036,12.589074,8.325449,10.125448,31.749802,7.000946,5.555556,99.683294,99.905393,99.551971,38.163104,33.491012,30.107527,90.419636,82.592242,47.132616,49.326999,28.476821,41.666667
21,Puebla,008,Ahuazotepec,5011,4423,71.685007,61.399954,68.919214,74.04107,63.995466,72.19179,7.973381,6.103139,8.157478,45.189223,15.987258,39.163406,89.37369,88.399538,88.350225,17.033954,10.440416,9.718053,52.156137,25.446486,25.631632,30.483006,23.417454,35.366036
21,Puebla,009,Ahuehuetitla,585,714,69.39576,90.562152,77.788873,70.418728,91.074212,77.907275,10.24735,6.864564,10.128388,65.017668,9.833024,13.552068,93.992933,97.402597,96.291013,34.805654,30.612245,22.96719,53.886926,66.048237,42.368046,41.166078,14.285714,24.821683
21,Puebla,010,Ajalpan,22588,25829,82.270202,83.852731,86.429586,84.706056,84.994479,87.737712,20.443753,20.199118,16.600362,50.846584,9.012741,28.69372,91.415242,94.174972,91.670383,45.686629,40.673879,31.539781,71.185664,63.299101,62.52952,54.744638,22.511357,31.930054
21,Puebla,011,Albino Zertuche,654,659,89.361301,86.659284,83.542813,90.85274,86.989779,83.701835,17.465753,12.436116,14.067278,25.684932,5.962521,20.336391,94.349315,99.318569,98.929664,28.253425,21.465077,19.877676,42.979452,79.897785,43.730887,24.657534,31.175468,22.629969
21,Puebla,012,Aljojuca,2046,1977,82.575731,87.602369,85.977387,87.858864,88.077834,90.338191,15.834768,9.080654,10.40201,64.888124,17.202482,17.035176,90.017212,98.138748,90,20.998279,21.150592,13.61809,16.179002,20.981387,16.733668,16.609294,31.246475,17.386935
21,Puebla,013,Altepexi,8176,7834,69.854801,77.846221,86.796991,72.785361,80.234195,90.634215,23.217169,17.554833,18.388816,60.932149,21.460894,36.961985,85.853455,87.923793,88.740825,28.477267,26.375746,20.065068,36.012678,43.102745,39.848736,26.107562,29.118645,46.118346
21,Puebla,014,Amixtlán,1878,1622,88.5623,91.412218,86.204686,92.911182,91.948992,87.074599,9.840256,7.710558,8.631319,63.578275,12.811388,10.604192,79.616613,97.508897,92.848335,58.146965,40.510083,35.203453,62.364217,57.413998,49.321825,-,26.690391,26.387176
21,Puebla,015,Amozoc,43211,44488,65.395639,62.293283,67.31931,71.811852,74.703481,79.276985,11.979464,7.452354,10.878901,38.114943,15.504417,32.899599,73.546141,62.943092,65.905243,21.795225,12.848944,9.129997,41.086974,21.940794,21.349621,34.484417,25.874097,31.704321
21,Puebla,016,Aquixtla,3312,3171,69.514333,83.04584,78.483982,82.90991,84.673005,79.294284,8.845209,7.402377,7.192211,39.51679,5.229202,19.692211,67.321867,94.974533,96.29397,27.927928,17.147708,15.734925,46.846847,39.320883,27.826633,25.348075,18.845501,26.538945
21,Puebla,017,Atempan,9267,10589,82.459308,82.465115,87.692577,83.718962,84.407092,90.554918,15.60785,7.324772,7.591926,44.081396,12.090698,32.557231,95.361216,93.573573,92.201654,45.725222,25.361205,17.308247,74.217246,40.39233,41.365533,50.973738,20.920459,33.165006
21,Puebla,018,Atexcal,1384,1370,82.693013,84.898833,79.097953,84.920254,87.862257,81.508041,11.291461,7.237354,6.432749,54.763585,8.404669,21.564327,86.944248,82.33463,87.280702,45.589273,35.642023,23.976608,55.257586,68.560311,61.403509,21.383204,37.509728,32.967836
21,Puebla,019,Atlixco,42740,46908,63.170206,66.970416,69.587084,69.505561,74.3518,76.480539,14.863366,10.892604,11.902778,41.284597,20.417345,34.295566,79.148226,79.47185,81.018651,17.327574,14.283317,10.798074,35.285619,30.318455,24.302709,28.217728,24.832387,33.640839
21,Puebla,020,Atoyatempan,2851,2846,89.032331,92.963919,93.527924,89.306767,93.639195,94.140499,15.263158,12.609191,12.363892,46.315789,12.153437,26.80014,98.120301,97.645272,98.524763,37.368421,25.484239,23.217422,47.142857,35.472845,22.83105,37.067669,23.775161,18.054092
21,Puebla,021,Atzala,494,506,61.551643,76.821853,61.719124,66.530516,80.368171,66.065737,11.267606,7.83848,6.573705,39.201878,13.776722,14.143426,83.333333,85.035629,78.685259,26.29108,22.80285,22.111554,38.967136,47.505938,44.621514,20.892019,21.377672,18.7251
21,Puebla,022,Atzitzihuacán,2667,4076,86.052059,90.262297,90.872235,86.447996,91.110291,91.777288,23.100862,15.154385,12.001513,28.680231,12.222665,23.787192,98.247752,96.938577,97.568012,24.243771,17.142256,11.216157,64.585978,52.414355,60.334048,26.462126,18.063147,24.024307
21,Puebla,023,Atzitzintla,3972,3584,93.530571,95.725844,93.690756,95.040424,96.082654,95.385994,18.59525,16.909197,15.57423,77.412835,15.192084,11.428571,95.856493,98.748545,95.938375,40.72764,34.051222,26.666667,59.32289,53.754366,37.563025,39.969682,40.454016,30.168067
21,Puebla,024,Axutla,266,258,68.907258,88.699571,64.15261,73.830645,89.296137,74.88755,17.741935,8.154506,-,45.16129,32.618026,22.48996,71.774194,94.849785,70.682731,31.451613,27.038627,23.694779,59.274194,60.515021,45.783133,31.048387,31.759657,-
21,Puebla,025,Ayotoxco de Guerrero,3087,2777,80.28222,81.381838,82.008954,80.764363,82.873093,83.798711,8.734472,6.401191,8.237822,25.970497,7.182732,13.001433,93.284161,94.045404,90.15043,49.029503,39.672497,37.034384,48.718944,66.951991,66.224928,19.099379,18.235951,16.690544
21,Puebla,026,Calpan,3640,4802,79.313748,86.404329,86.694402,80.916449,87.347148,88.179982,12.886886,9.174194,10.023752,39.242282,18.746138,26.631624,97.10903,96.912402,93.645654,17.646749,16.699257,12.321842,17.810238,30.487521,33.52584,42.808551,29.762531,42.688478
21,Puebla,027,Caltepec,1293,1268,86.069583,92.694701,86.372642,87.769384,93.550883,87.656447,12.524851,4.373423,5.345912,50.695825,22.035324,22.248428,95.626243,97.140454,94.339623,22.465209,26.997477,24.292453,81.11332,57.022708,50.786164,-,25.904121,31.603774
21,Puebla,028,Camocuautla,1131,1006,95.935788,94.909971,93.559406,95.945231,95.011617,93.842574,12.747875,8.809293,9.90099,89.707271,-,-,99.055713,99.515973,97.524752,57.884797,40.561471,28.415842,82.341832,56.437561,74.455446,39.754485,37.270087,52.574257
21,Puebla,029,Caxhuacan,1330,1208,82.838759,84.840708,83.418796,88.775927,89.419952,89.187139,7.418622,5.068383,3.957131,44.738834,7.160097,24.89695,59.651779,67.819791,76.586974,53.974262,33.386967,33.800495,54.277063,71.440064,61.747733,34.292203,35.156879,40.807914
21,Puebla,030,Coatepec,258,243,93.384906,89.484581,77.132231,93.403774,91.872247,77.289256,7.924528,-,4.545455,93.584906,-,-,99.622642,95.154185,92.975207,37.358491,-,-,-,74.008811,53.305785,84.150943,-,76.859504
21,Puebla,031,Coatzingo,1077,964,81.803134,91.151116,88.149364,81.829579,91.299189,88.298729,15.377081,10.141988,12.076271,58.080313,5.679513,4.449153,99.118511,99.188641,99.364407,31.047992,23.022312,23.622881,65.523996,77.484787,68.220339,30.06856,26.673428,19.385593
21,Puebla,032,Cohetzala,422,413,86.720588,96.272959,84.167883,86.720588,97.030612,84.177616,4.901961,7.142857,-,-,-,-,96.568627,72.959184,97.810219,21.568627,25.765306,25.790754,57.843137,94.642857,85.40146,-,31.887755,15.571776
21,Puebla,033,Cohuecan,1654,1813,88.115687,88.886427,86.86417,88.428831,88.921745,87.28284,11.932162,7.963989,8.328675,52.634767,13.088643,15.036333,98.606905,99.168975,96.813862,36.46275,33.240997,24.874231,66.444579,77.354571,65.064282,40.823743,25.692521,28.731135
21,Puebla,034,Coronango,12600,14673,82.823711,73.926803,75.072458,83.095825,78.355676,81.394756,13.705635,9.469951,9.418881,42.379043,22.693607,37.629858,87.076034,82.657643,77.537855,16.37387,12.181209,6.588113,90.656555,37.232866,29.243585,27.264825,16.358221,26.464159
21,Puebla,035,Coxcatlán,6060,6733,77.596505,72.071079,84.142091,82.764463,77.480041,89.510452,11.174134,7.365686,7.765461,18.866684,3.95538,11.659413,82.07307,84.334049,85.883239,35.242704,21.639088,19.235319,52.305864,44.086537,55.336971,38.685455,17.576124,40.357005
21,Puebla,036,Coyomeapan,6546,6364,97.200531,96.072247,97.356206,97.333965,96.19538,97.454862,20.489007,16.932963,19.509881,50.284306,7.259465,12.885375,96.455648,98.523793,98.956522,52.672479,47.707537,33.786561,81.557998,84.543244,83.573123,93.08188,25.182355,28.458498
21,Puebla,037,Coyotepec,656,645,70.766613,69.753448,60.73947,76.481361,74.544828,69.354134,6.807131,-,4.368175,63.533225,11.724138,15.75663,65.640194,74.482759,58.50234,29.17342,20.172414,18.25273,56.077796,43.103448,39.625585,37.601297,22.758621,19.812793
21,Puebla,038,Cuapiaxtla de Madero,4487,3940,87.049283,80.165467,87.882905,88.109967,80.585478,88.610159,20.264803,17.982123,16.610469,53.585877,24.145846,44.721445,95.954395,97.885735,97.761668,36.042663,21.32788,13.679791,59.102611,40.773682,35.487674,23.096727,22.011522,22.589839
21,Puebla,039,Cuautempan,3563,3417,93.100933,86.152507,87.267269,93.112807,86.264485,88.635675,16.482895,12.578805,9.151851,69.748374,5.163615,7.315651,98.416737,98.108676,94.43311,42.324003,27.349144,23.520839,91.348601,73.011108,58.408627,73.763076,18.402882,28.329933
21,Puebla,040,Cuautinchán,5302,4973,70.829361,67.10892,82.599548,71.286355,67.433462,84.308238,15.422006,11.870147,10.657957,41.564988,26.799608,45.538374,95.81659,96.080326,92.798754,25.108786,18.040142,11.225177,53.367138,50.721613,32.707635,26.446755,21.012429,37.988633
21,Puebla,041,Cuautlancingo,40811,41650,35.929686,44.247341,40.091212,53.975664,59.699587,67.66728,8.267405,8.55698,8.935396,25.932891,18.480645,23.621634,43.914015,48.033992,36.553115,-,6.382388,-,-,2.749818,-,17.519556,21.83427,20.370009
21,Puebla,042,Cuayuca de Andrade,1034,1083,91.114411,93.416757,85.203499,91.191419,93.940152,87.553407,11.551155,8.487486,7.550645,37.40374,7.181719,13.167587,95.269527,94.559304,73.388582,36.193619,33.623504,31.952118,92.189219,87.595212,83.241252,16.171617,27.96518,24.769797
21,Puebla,043,Cuetzalan del Progreso,16627,21618,82.348809,78.170384,88.396633,82.889991,78.458601,89.057305,15.627266,8.29863,7.050954,38.041682,8.800758,15.829921,94.542727,94.365422,91.907098,55.760455,35.27222,22.39736,80.539677,87.01158,88.553691,39.914458,27.103006,48.845775
21,Puebla,044,Cuyoaco,5454,6293,81.50245,78.188707,77.786462,82.133359,79.045465,79.408284,11.702277,7.119048,7.125131,17.832439,5.038814,25.866883,96.89251,97.387651,93.20342,20.307369,14.184441,10.006481,39.918952,25.048859,20.741123,34.310066,19.843633,43.598052
21,Puebla,045,Chalchicomula de Sesma,14547,14284,74.81871,76.08023,77.668494,78.59146,79.887251,83.14786,14.026548,8.932891,11.366519,26.643319,12.184317,26.872901,88.985525,88.910298,86.069841,25.205615,15.183454,11.892581,40.4589,21.668069,17.754454,38.519468,25.197464,26.09315
21,Puebla,046,Chapulco,3273,3197,81.075949,78.292855,84.210923,85.05443,83.177402,90.395166,19.683544,15.769095,15.630885,44.556962,17.247448,19.522913,85.0,84.3717,86.095417,33.670886,25.378388,23.258004,52.594937,29.778247,22.190835,23.164557,30.130236,24.325173
21,Puebla,047,Chiautla,5630,6522,75.344351,74.870076,76.014565,79.824027,80.392913,81.884447,9.590225,5.54549,9.065265,35.139843,8.129584,26.396225,75.957917,80.768443,80.537605,20.23943,18.143811,15.4659,44.561699,43.851042,46.665181,53.041057,25.053655,20.515238
21,Puebla,048,Chiautzingo,6018,6842,82.4365,81.807397,81.434551,85.861639,86.153486,90.21258,13.641694,8.958642,7.985609,50.644275,18.307389,36.311362,92.806418,90.599566,84.391392,21.978537,13.44804,10.826424,25.772168,26.916619,26.173955,20.499305,21.956919,24.035982
21,Puebla,049,Chiconcuautla,4785,6313,92.711256,88.970963,95.890768,92.739804,90.455013,96.013618,18.624252,10.75844,9.129614,63.648722,5.444926,11.362865,99.537792,91.738267,97.598682,73.708537,47.939596,39.010231,72.362697,87.615934,89.737631,63.839043,29.157757,43.549357
21,Puebla,050,Chichiquila,8072,10935,95.451208,89.422952,91.772743,95.451208,89.599407,91.888602,21.969257,15.022587,16.566896,53.204865,10.187473,26.228138,99.699458,99.048392,99.05032,45.868953,27.760313,23.784094,91.566161,82.072476,69.731944,76.627907,23.423388,45.189216
21,Puebla,051,Chietla,10633,12069,64.927904,68.561346,74.487991,72.276297,78.184726,84.903985,14.11393,9.928769,11.85211,20.886628,9.688846,20.425802,75.358397,72.016978,71.855098,19.089904,12.247417,9.805155,-,29.064736,37.976936,19.515858,25.722825,35.060585
21,Puebla,052,Chigmecatitlán,331,309,82.415385,94.288525,91.644231,82.455385,94.872131,93.173077,13.230769,9.180328,5.128205,25.846154,6.557377,14.74359,99.384615,97.377049,92.628205,35.384615,37.704918,29.807692,30.769231,51.147541,45.512821,43.692308,32.786885,20.192308
21,Puebla,053,Chignahuapan,21673,24156,70.994089,77.340013,75.128082,74.947697,81.008119,79.928351,13.34973,6.499649,12.540878,24.634246,8.123938,61.070592,90.248416,90.81026,89.237537,19.461133,10.138031,8.527814,52.529895,27.001543,16.207737,25.611207,18.838404,21.822398
21,Puebla,054,Chignautla,14673,12912,73.613736,77.187761,80.613812,77.73679,79.651137,85.91934,18.707445,14.542362,9.827869,46.093823,20.469207,35.241907,86.437684,90.159554,83.633877,37.806807,30.778284,17.246287,46.98889,44.786739,32.484601,32.48776,19.781727,29.756561
21,Puebla,055,Chila,1638,1693,86.111521,89.344484,84.755995,86.751846,89.676157,85.278177,13.958641,7.686833,11.151079,44.387001,6.049822,13.009592,96.381093,97.793594,96.402878,36.779911,29.893238,28.597122,74.150665,70.533808,70.203837,37.813885,21.352313,29.256595
21,Puebla,056,Chila de la Sal,381,365,82.501742,90.619938,77.231198,86.25784,91.28972,78.281337,8.710801,-,10.027855,23.344948,-,15.877437,81.881533,98.442368,95.543175,37.28223,26.168224,22.562674,63.763066,65.420561,44.846797,-,35.825545,-
21,Puebla,057,Honey,3125,2498,82.750763,87.896026,83.133111,83.613428,89.522356,87.87812,12.953544,10.752307,10.108153,67.683961,14.407381,-,95.489997,92.725337,-,30.213632,19.943222,14.267887,58.562224,50.106458,-,37.572058,25.053229,-
21,Puebla,058,Chilchotla,4758,7661,91.718948,93.07544,94.233707,92.17851,93.919081,95.753639,19.226528,14.516415,11.555547,75.615944,6.082337,16.776452,98.064527,97.814358,93.592208,42.997473,23.821675,18.222239,64.662358,53.086278,57.608568,51.732117,25.746971,41.695164
21,Puebla,059,Chinantla,753,941,69.315927,86.291667,78.006466,69.895561,87.197917,78.654095,8.48564,6.25,10.452586,37.72846,4.464286,14.008621,93.603133,97.470238,94.181034,38.250653,36.904762,27.37069,47.519582,59.52381,51.400862,21.932115,9.22619,23.599138
21,Puebla,060,Domingo Arenas,2930,2970,89.107256,87.218067,90.07233,89.672934,87.447479,92.472535,22.007415,16.97479,18.287274,88.135593,44.915966,34.561583,98.516949,97.605042,93.483453,31.355932,23.277311,19.856704,40.783898,41.260504,43.807574,53.310381,22.226891,22.927329
21,Puebla,061,Eloxochitlán,5858,5918,96.623364,97.870489,97.422658,96.623364,97.97073,97.479898,21.700935,15.998396,20.221465,34.093458,6.495589,17.478705,98.018692,99.318364,99.437819,74.560748,61.587811,58.228279,93.53271,91.840417,95.229983,45.476636,22.935044,44.599659
21,Puebla,062,Epatlán,1764,1651,69.076115,76.340785,67.101172,71.525591,78.154683,69.948797,10.104987,5.377644,7.77298,42.716535,12.688822,13.448489,90.813648,89.728097,87.538556,24.146982,25.619335,19.864281,38.385827,57.703927,44.355336,25.656168,30.694864,23.812461
21,Puebla,063,Esperanza,5175,4399,78.560157,77.275889,82.972069,83.510214,81.867037,87.947291,17.737059,12.264216,10.297274,24.878184,9.102219,24.471898,89.207488,89.876998,89.959344,16.24218,17.035895,11.320843,28.83473,20.657313,19.440295,29.200517,20.67832,20.721818
21,Puebla,064,Francisco Z. Mena,6194,7238,87.588038,77.792623,82.150577,88.203918,78.051012,82.672993,7.370561,7.595109,6.556031,34.40103,8.881372,20.875264,96.628998,92.709196,95.665341,38.496141,27.485744,21.05282,78.610383,81.447905,84.569151,15.730991,34.641672,44.040704
21,Puebla,065,General Felipe Ángeles,8122,7717,86.507997,83.779426,90.639048,86.829219,84.113151,91.728728,24.257217,16.185163,16.074801,61.021667,20.672144,34.236611,98.160722,98.476685,97.660596,22.182711,19.365467,14.514813,32.03211,23.174486,23.32576,36.154785,24.981091,26.017892
21,Puebla,066,Guadalupe,1881,2025,81.49537,91.901348,77.513419,88.251029,92.284926,77.826541,10.288066,7.230392,6.510934,44.958848,3.79902,-,70.884774,98.468137,98.856859,32.716049,30.882353,22.266402,46.450617,64.705882,54.821074,32.458848,39.154412,40.00994
21,Puebla,067,Guadalupe Victoria,5672,5801,81.148715,79.902366,82.868248,81.88431,83.305548,85.938231,15.332026,10.807955,10.524333,27.953191,6.894642,20.325237,95.661811,91.696706,92.361792,24.624926,18.926453,11.761554,22.758512,13.954896,9.145975,31.582818,18.00628,36.669154
21,Puebla,068,Hermenegildo Galeana,2966,2526,92.394737,90.064248,87.667859,92.568226,90.1935,88.614223,8.187135,6.878307,9.058403,83.918129,9.183673,6.714342,99.220273,98.866213,95.351609,66.959064,48.979592,38.220103,70.760234,79.667423,62.375844,42.88499,17.762661,42.630115
21,Puebla,069,Huaquechula,7624,9384,79.974445,79.435588,81.718803,80.476938,80.379661,83.8828,20.467302,16.529513,13.812977,48.001332,15.699853,19.709499,98.26197,93.327241,94.067614,27.553785,19.875795,13.507721,47.323975,58.168195,46.531383,29.752122,25.620993,31.63659
21,Puebla,070,Huatlatlauca,2224,1891,84.699477,93.602102,86.546716,87.719512,94.136136,88.244527,11.106272,7.057057,7.955152,50,17.467467,24.50614,71.254355,98.448448,91.724506,36.019164,27.977978,21.089162,59.45122,72.522523,57.608115,78.266551,13.913914,17.672184
21,Puebla,071,Huauchinango,34191,33587,71.385771,69.035818,76.206758,75.583893,74.928562,81.365645,12.054495,7.067087,8.936887,32.957437,10.25501,28.540768,82.548978,82.82448,80.524235,39.630401,25.040367,27.800992,40.248279,26.851409,-,46.958813,15.075828,33.268451
21,Puebla,072,Huehuetla,3965,6007,92.587892,88.410201,86.952164,93.854736,88.874509,88.077649,19.346231,12.141086,13.154792,32.471648,4.90618,7.158498,86.841227,97.648386,85.110325,66.611074,46.779684,48.829375,79.686458,84.732568,73.18511,65.36024,25.333157,51.793835
21,Puebla,073,Huehuetlán el Chico,2806,3129,87.675602,93.890651,91.203902,89.274281,95.991235,94.20878,13.636364,7.512521,14.276423,30.06993,6.803005,13.203252,95.687646,93.405676,92.552846,28.710179,23.330551,24.520325,56.721057,67.487479,49.463415,53.224553,29.048414,17.138211
21,Puebla,074,Huejotzingo,25967,35028,67.797243,65.491175,69.893622,73.933027,70.670378,75.595962,12.432301,7.453707,7.871672,38.564847,19.685039,45.494796,78.392836,78.240504,85.812418,14.095253,10.071198,8.774382,21.24805,16.394537,25.656126,19.246041,28.742122,32.289881
21,Puebla,075,Hueyapan,3877,4218,85.27895,87.37865,90.414199,86.393194,88.751978,92.649886,11.39025,6.082234,4.156689,27.306259,7.978477,26.404769,83.298735,92.656923,91.429365,60.23796,42.230787,28.644419,67.091838,67.073899,61.135347,-,17.513508,16.41183
21,Puebla,076,Hueytamalco,9240,8969,76.244061,77.920226,83.942968,77.840959,79.25634,85.605494,16.433113,8.135066,8.633064,40.235319,14.6025,23.817072,90.906295,94.88452,94.564113,42.789458,27.515122,19.847957,46.574277,58.482634,66.921366,16.449986,14.589228,17.569028
21,Puebla,077,Hueytlalpan,1971,2076,92.068623,91.905192,93.915466,92.982393,92.69526,94.058117,18.148984,12.810384,14.553314,47.31377,4.853273,10.422671,88.171558,91.534989,98.799232,41.173815,35.948081,27.425552,88.532731,94.074492,89.337176,89.480813,20.880361,30.211335
21,Puebla,078,Huitzilan de Serdán,4938,6283,90.05364,87.910832,94.929596,90.250163,88.003403,95.233273,28.163452,18.159065,19.134011,-,4.290734,11.362354,94.920625,99.415048,97.799678,51.378766,30.591755,23.222402,77.999643,75.477154,79.171575,72.433092,26.438445,58.524895
21,Puebla,079,Huitziltepec,1961,2015,79.492108,81.943941,79.068115,80.015784,82.742922,79.791214,11.386697,10.362401,9.180652,34.780158,15.458664,39.239882,95.546787,96.772367,95.656466,24.464487,15.911665,15.844028,41.939121,31.596829,31.391905,20.631342,21.630804,30.94768
21,Puebla,080,Atlequizayan,937,861,94.143704,93.102506,91.063397,94.26963,93.288155,91.808612,11.111111,9.111617,8.851675,65.925926,14.350797,19.736842,95.407407,98.861048,96.5311,35.703704,38.724374,22.966507,55.851852,94.305239,84.210526,70.814815,26.309795,-
21,Puebla,081,Ixcamilpa de Guerrero,1283,1388,85.496644,94.324222,87.437361,85.809843,94.354383,87.752409,13.571961,11.215834,10.155671,19.463087,8.859566,12.37954,96.420582,98.68049,97.998517,43.400447,45.240339,36.174944,76.65921,85.768143,82.727947,41.237882,36.757776,27.279466
21,Puebla,082,Ixcaquixtla,3221,2914,71.606258,77.254503,67.871359,74.568883,81.351997,72.627254,9.213385,6.029757,6.033287,26.03216,7.791699,26.490985,82.442416,85.082224,82.975035,29.639287,20.321065,17.128988,39.634941,22.552858,-,30.421556,19.577134,15.395284
21,Puebla,083,Ixtacamaxtitlán,7414,9087,80.248815,85.100287,81.670465,82.807456,85.788233,82.606348,9.123315,5.512446,6.104626,-,3.439285,25.576272,78.453809,97.391942,96.627284,29.088046,16.714826,12.262704,74.866937,37.91146,40.248027,34.46729,20.699235,37.027314
21,Puebla,084,Ixtepec,2755,2511,93.938174,92.297689,93.371463,96.541494,92.486486,94.856915,21.784232,16.216216,17.058589,56.141079,21.81747,16.261459,80.6639,98.785742,89.956158,56.514523,46.49432,33.997609,84.39834,87.974931,81.705859,59.709544,41.55895,36.229574
21,Puebla,085,Izúcar de Matamoros,24051,26792,70.239599,69.985667,73.011711,74.206542,76.255251,82.086211,13.557755,7.25947,8.738376,51.5842,16.119657,21.787265,82.0903,78.095808,74.724399,21.726916,11.201442,11.971844,49.978736,25.688891,27.173248,20.60451,26.872756,34.974498
21,Puebla,086,Jalpan,4814,5158,80.498958,80.428072,78.130716,81.381511,80.570653,78.808372,12.540241,7.877409,-,42.981905,8.905048,-,93.914751,97.656238,89.622848,36.07312,23.65884,20.511115,83.201901,82.615822,81.012216,31.641422,28.338217,44.058245
21,Puebla,087,Jolalpan,2723,4353,86.860309,91.497308,91.707085,87.161464,91.590365,91.745177,17.635174,9.079246,10.819669,11.910367,6.961403,13.872717,98.961307,98.913716,99.196287,37.666179,30.79462,22.144122,63.103218,75.467511,75.20825,-,17.263536,32.506005
21,Puebla,088,Jonotla,1580,1445,85.323144,85.314738,85.144847,88.708671,85.880854,86.305014,10.792265,7.782369,5.710306,24.828447,11.639118,17.827298,78.852152,96.00551,93.802228,49.407361,39.738292,30.501393,67.186525,75.757576,57.869081,54.959451,24.793388,37.604457
21,Puebla,089,Jopala,4039,4110,87.408763,86.441308,86.762573,87.959606,86.743386,87.946449,13.05179,7.337318,6.922466,33.746075,9.055422,19.509855,98.271863,97.402018,94.428602,41.936276,23.336547,17.564779,61.119041,72.104563,58.01971,58.888631,32.865649,-
21,Puebla,090,Juan C. Bonilla,6700,7855,80.435195,72.71922,68.310438,81.040653,79.383717,79.048442,12.830472,9.503386,9.093098,28.371255,14.984365,29.199673,83.823316,80.770354,70.867224,18.116582,12.622824,5.507465,89.834259,30.44552,25.849082,40.666711,15.898647,25.531434
21,Puebla,091,Juan Galindo,3496,3087,60.902778,63.401219,67.77046,72.654915,72.686995,80.009782,14.529915,7.782134,6.781872,36.645299,16.007258,18.747962,69.551282,74.478056,68.829475,27.029915,14.483221,14.835344,19.017094,13.656582,-,23.076923,29.212139,24.845126
21,Puebla,092,Juan N. Méndez,1990,1893,91.606093,91.421746,84.622352,91.817745,91.577705,86.001059,13.73597,9.006041,9.269068,35.275254,8.237232,11.175847,99.037948,97.419001,95.815678,29.716729,30.03844,25.900424,72.421165,77.155409,57.415254,39.337253,22.460187,27.330508
21,Puebla,093,Lafragua,2899,2576,86.810853,88.87606,91.458676,92.041085,90.643674,91.945946,11.472868,9.590557,11.515864,71.782946,8.815935,14.179397,75.968992,97.049059,97.571485,30.077519,14.570269,16.568743,41.705426,26.300258,7.91226,59.612403,25.48875,27.105366
21,Puebla,094,Libres,11881,12389,76.94061,78.837187,76.123238,78.64888,80.693958,79.560504,13.125209,9.115592,11.003464,22.032521,8.964892,29.183718,93.713708,93.947431,89.790922,29.812629,18.925207,11.226014,-,24.71398,-,32.30192,25.631265,35.942614
21,Puebla,095,La Magdalena Tlatlauquitepec,146,213,85.414414,88.570248,92.0,85.414414,96.330579,92.765,-,-,7,94.594595,-,25.5,100.0,75.206612,94.5,36.036036,-,17,50.45045,42.975207,35.5,-,-,54
21,Puebla,096,Mazapiltepec de Juárez,998,1088,74.622601,77.681111,73.965549,77.042644,78.817778,75.870577,17.270789,9.666667,13.035382,23.560768,5.111111,11.918063,86.140725,96.333333,91.247672,25.053305,18.111111,15.176909,47.867804,26.333333,22.811918,44.989339,26.888889,34.357542
21,Puebla,097,Mixtla,789,896,65.591954,73.201693,64.2932,69.175287,77.342736,67.060201,10.632184,9.026798,5.797101,38.793103,25.528914,24.972129,87.068966,88.99859,87.848384,20.833333,15.796897,10.925307,17.241379,22.002821,14.381271,9.913793,14.104372,24.080268
21,Puebla,098,Molcaxac,2269,2334,81.012142,87.09215,78.525453,81.774501,87.299854,79.930112,11.188205,10.287665,12.295082,37.467476,24.134569,19.413287,92.541197,98.391029,94.477998,33.044232,27.254998,19.025022,70.85863,55.875183,40.5522,52.645273,26.816187,27.610009
21,Puebla,099,Cañada Morelos,6962,7281,81.646449,82.567864,85.759907,82.265137,84.216832,89.441689,14.41882,14.710715,13.604858,26.534877,6.050004,20.896364,95.625325,94.908864,89.930716,19.206706,15.620726,-,58.537479,35.8256,31.552793,26.878491,21.465417,36.244466
21,Puebla,100,Naupan,4182,3311,91.682016,90.15221,92.623804,91.761946,90.327924,93.864833,12.221257,5.316172,7.98445,-,-,-,96.553721,98.09737,92.882775,61.309007,48.628987,34.001196,81.581234,77.700056,66.477273,87.981465,18.326805,37.141148
21,Puebla,101,Nauzontla,1082,1022,82.730868,85.077258,80.098039,85.092863,85.819369,82.059804,13.155632,7.943417,9.411765,52.708512,12.513602,11.27451,88.392089,94.994559,94.019608,36.285469,25.897715,18.921569,56.577816,64.417845,59.607843,40.670679,16.430903,16.176471
21,Puebla,102,Nealtican,4076,4611,84.851159,82.412061,89.711918,85.64367,83.146876,90.407837,16.361999,13.16099,14.427294,49.624411,25.511377,33.216492,97.584351,98.266273,98.764206,15.3689,20.100654,9.425578,15.079858,16.540083,15.041407,20.243798,12.012314,26.980001
21,Puebla,103,Nicolás Bravo,2469,2478,80.116186,88.782609,80.923265,83.020032,91.08913,86.33551,19.391026,12.913043,12.816327,58.413462,13.521739,20.285714,88.38141,91.478261,88.897959,34.535256,27.130435,23.918367,47.155449,50.391304,44.204082,31.610577,34.782609,17.22449
21,Puebla,104,Nopalucan,10992,10583,70.001422,77.115066,76.718665,75.58843,80.132319,83.171913,19.066899,16.049172,14.671885,34.217332,9.69194,16.467986,80.295652,90.208351,80.470732,25.983394,22.742288,11.70608,25.484589,24.113964,25.965635,31.489149,22.001129,35.22038
21,Puebla,105,Ocotepec,1734,1725,74.170422,83.03531,74.956069,76.593299,83.828115,77.452023,12.131716,8.461026,7.861272,51.184287,7.461692,13.468208,91.045638,97.201865,92.83237,33.217793,24.783478,17.803468,33.737724,28.914057,21.156069,33.391103,20.386409,23.236994
21,Puebla,106,Ocoyucan,10053,14980,83.020325,79.954324,74.218629,83.333404,81.456308,76.686872,18.320959,13.74084,13.282489,53.493203,23.354978,40.56463,95.133586,95.160653,87.302768,31.603973,18.181864,11.921129,92.737434,41.312738,35.149556,34.818348,25.565392,28.661957
21,Puebla,107,Olintla,2584,4607,86.211441,88.234006,93.887336,86.387294,88.647104,94.176201,15.46319,9.941083,11.266376,51.004214,6.969837,7.991266,93.738865,95.740709,96.179039,43.945255,45.862269,53.515284,77.184169,86.806786,91.222707,62.351633,-,32.79476
21,Puebla,108,Oriental,6513,6219,72.077481,76.616948,75.186662,78.154217,81.805073,81.552432,-,11.250978,10.492727,-,6.988423,18.195415,87.794659,88.272951,83.110557,34.80554,20.51332,11.362018,32.943423,19.486862,10.509535,-,23.499284,32.629238
21,Puebla,109,Pahuatlán,7062,7485,82.434809,84.412604,88.568841,82.716059,86.06978,90.356899,13.915159,9.470601,7.422339,36.876677,4.05114,17.326964,98.378552,90.321803,93.046019,36.211242,24.80646,22.167683,74.464444,60.424201,62.491333,32.574149,25.843046,47.782162
21,Puebla,110,Palmar de Bravo,15674,17924,82.350479,85.692267,88.754548,83.497469,87.566871,90.510731,20.204524,16.994168,18.587908,20.406884,9.760758,19.479384,95.914249,94.829367,95.485635,27.853802,18.010231,14.345723,51.405149,31.163211,31.50636,25.472002,27.759369,47.218907
21,Puebla,111,Pantepec,5433,6091,85.392507,81.139968,81.875594,86.422215,81.763293,87.117531,7.536868,5.29409,5.383305,27.983015,7.731214,19.099614,91.119957,90.902815,77.563218,38.083975,21.018205,17.355022,86.294336,80.070597,71.708718,26.77102,25.338176,27.446645
21,Puebla,112,Petlalcingo,3696,3176,87.949623,91.561211,89.769775,88.904903,92.390786,90.805145,14.87069,7.377577,8.745981,52.559267,8.215206,11.061093,94.50431,95.715206,97.009646,31.034483,30.219072,23.92283,72.117457,73.969072,65.498392,29.283405,21.037371,20.128617
21,Puebla,113,Piaxtla,1368,1367,72.618815,88.517707,79.840324,75.716376,88.720911,80.757174,12.682927,8.684654,8.462104,55.749129,12.816189,19.205298,85.644599,97.807757,96.320824,31.010453,20.236088,19.352465,54.634146,60.455312,51.361295,31.010453,31.197302,24.429728
21,Puebla,114,Puebla,506399,456380,45.273187,48.593624,51.202831,55.825157,59.76389,64.246783,9.175822,7.349016,7.531884,38.019404,17.013583,31.560624,56.4347,59.426438,57.105701,11.455248,9.218267,6.658621,17.434996,10.305645,8.801823,27.765443,26.542379,23.244555
21,Puebla,115,Quecholac,18814,18948,82.339337,84.750345,93.14021,83.651997,85.927871,95.388033,24.463433,19.400978,19.402404,35.476045,16.793862,23.267966,96.419288,96.266551,94.604067,26.987913,18.683452,11.682544,31.749668,24.77384,19.43895,32.298889,27.704694,41.374264
21,Puebla,116,Quimixtlán,6858,9253,95.133048,87.617721,90.009155,95.133048,87.763334,90.287793,22.992278,11.394787,14.089078,56.828224,5.348357,14.737745,99.443613,98.471821,98.464532,37.446544,16.387276,16.568707,92.650086,83.668491,64.265681,42.156387,7.202388,40.584332
21,Puebla,117,Rafael Lara Grajales,5412,5117,63.940942,70.029558,70.018927,75.826302,76.128602,83.165217,14.770419,12.186448,12.67248,25.63282,8.562519,19.322707,70.312067,81.813337,69.090275,17.909245,17.444948,9.139738,-,4.027739,6.568822,22.444409,21.557134,34.708052
21,Puebla,118,Los Reyes de Juárez,8412,10494,83.320629,88.589933,91.939889,83.759004,89.101958,92.671662,22.095969,16.785296,15.864747,57.336718,30.01462,47.458095,98.43248,98.027585,98.397631,26.659058,16.341521,12.912773,32.342734,16.102492,18.213331,26.316003,23.435376,26.245262
21,Puebla,119,San Andrés Cholula,49320,43728,68.685381,47.518188,59.656097,69.638279,50.781349,66.555606,9.611488,6.134328,6.964422,53.288622,22.972001,33.679387,78.878675,77.908442,71.530618,10.353945,9.438703,4.837501,89.305218,15.482413,16.623333,29.786005,19.584547,28.35507
21,Puebla,120,San Antonio Cañada,2330,2207,82.832128,87.374708,89.162064,83.28874,88.944004,90.822997,20.557851,17.218852,19.194206,42.613636,13.159123,19.827976,87.293388,92.860476,88.637392,46.229339,43.537098,34.766863,91.322314,53.103126,62.064282,75.051653,24.871675,31.4622
21,Puebla,121,San Diego la Mesa Tochimiltzingo,444,413,81.411311,96.563953,87.316302,81.606684,96.563953,87.571776,22.879177,12.209302,-,47.557841,21.511628,-,99.485861,99.709302,98.783455,34.70437,22.674419,14.355231,59.897172,80.813953,62.530414,47.043702,21.511628,-
21,Puebla,122,San Felipe Teotlalcingo,3300,3156,80.35073,78.098687,81.822237,82.026297,81.512356,87.663429,8.683905,10.011667,10.095398,47.211628,25.421618,29.490447,94.754219,90.972298,88.620063,22.364934,12.833769,10.916313,23.239471,19.724005,12.55989,29.826062,17.993393,22.235869
21,Puebla,123,San Felipe Tepatlán,1470,1338,93.492773,88.954762,88.917417,93.69908,89.596825,90.128378,11.038108,12.301587,8.933934,97.897503,12.222222,12.837838,98.883049,83.809524,94.96997,58.015769,49.126984,41.291291,63.534823,85.952381,60.735736,46.123522,23.492063,26.201201
21,Puebla,124,San Gabriel Chilac,5316,4852,76.501897,80.963809,86.77643,77.978469,82.155607,91.224618,17.011362,13.265802,14.083874,36.883708,22.533467,28.943498,93.891153,94.081536,83.677036,41.378316,29.470291,21.205573,44.042279,43.022448,31.79531,40.739607,31.227981,50.094023
21,Puebla,125,San Gregorio Atzompa,2987,2788,68.215524,70.449451,65.353751,70.519405,76.007326,72.51178,9.57886,10.10989,13.084451,63.625103,19.084249,18.992389,87.159372,83.516484,79.412831,20.520231,16.776557,13.736861,51.032205,14.652015,-,28.241123,21.868132,14.208046
21,Puebla,126,San Jerónimo Tecuanipan,2438,2357,76.842247,79.272109,83.500636,77.871011,80.120181,85.815019,16.134831,14.648526,16.122189,83.865169,22.811791,17.140433,94.11236,95.873016,91.47221,41.123596,29.84127,24.819686,62.426966,49.750567,31.183708,46.831461,27.664399,20.280017
21,Puebla,127,San Jerónimo Xayacatlán,1022,976,82.208156,81.169197,68.829676,83.321155,83.87961,69.652038,8.751062,3.579176,3.239289,78.759558,11.171367,18.286311,88.190314,85.791757,91.118077,30.161427,23.644252,17.763845,71.877655,72.451193,62.800418,71.197961,19.956616,25.496343
21,Puebla,128,San José Chiapa,3372,3585,76.732092,78.634281,74.906794,80.460602,80.831141,81.931437,18.624642,14.467543,9.347032,53.151862,14.000849,17.635699,89.255014,92.787442,81.463291,35.959885,19.346627,8.64721,31.876791,19.346627,26.280019,45.057307,26.304625,25.614523
21,Puebla,129,San José Miahuatlán,4810,5009,78.363196,80.779017,88.027728,79.634781,81.222894,89.820089,16.098352,13.700559,11.311843,47.450997,11.953314,27.096966,93.643253,94.42093,89.037412,21.55289,17.878397,16.22745,33.496166,68.525822,61.909976,31.023184,33.452481,42.063473
21,Puebla,130,San Juan Atenco,1088,1101,78.725893,83.953094,74.973732,79.489286,85.462076,76.490942,15.625,10.778443,10.235507,53.125,12.974052,18.297101,97.232143,96.107784,94.746377,25.357143,20.858283,18.568841,18.839286,28.043912,14.221014,27.678571,25.449102,17.028986
21,Puebla,131,San Juan Atzompa,322,331,90.310458,90.387417,88.319277,90.310458,90.86755,90.045181,7.843137,4.304636,8.433735,94.444444,20.529801,31.626506,99.346405,97.350993,93.975904,34.96732,23.509934,-,53.594771,46.357616,18.975904,21.568627,-,-
21,Puebla,132,San Martín Texmelucan,49555,49356,63.532604,65.333359,70.268654,70.582372,75.756289,82.797297,11.638973,8.219615,9.24083,41.010024,20.821541,42.100172,78.882601,75.110423,71.967764,14.962425,9.597244,8.239309,14.751237,5.265673,10.465838,25.227627,21.247654,30.959749
21,Puebla,133,San Martín Totoltepec,254,212,69.051643,87.817778,74.888889,69.431925,89.2,75.73913,-,-,5.797101,-,-,8.695652,97.183099,95.111111,96.135266,18.309859,-,12.077295,23.474178,42.666667,34.782609,14.553991,-,8.695652
21,Puebla,134,San Matías Tlalancaleca,6514,7169,75.537336,77.767914,82.610257,77.381434,79.79664,85.114783,9.986943,10.547293,11.690684,41.335311,21.712644,42.984372,93.773793,95.37285,94.090159,13.756074,14.312885,8.469859,-,7.933672,18.958987,17.408253,19.644674,38.75889
21,Puebla,135,San Miguel Ixitlán,115,123,92.756579,99.537634,89.729508,92.756579,99.537634,89.729508,8.552632,-,-,32.236842,-,3.278689,100.0,100,99.180328,34.210526,29.032258,27.04918,82.236842,75.268817,62.295082,34.210526,24.731183,32.786885
21,Puebla,136,San Miguel Xoxtla,4443,3659,45.427693,51.303065,51.397814,66.972491,71.610283,77.054449,6.366088,5.379994,4.168531,30.273729,12.97965,20.487312,53.678071,51.766349,47.196666,8.624558,9.026456,5.602259,-,3.608917,-,9.04901,23.921708,22.721406
21,Puebla,137,San Nicolás Buenos Aires,3824,3578,81.898734,89.771512,88.33785,86.159634,91.437791,91.350325,21.940928,13.895349,16.699157,71.800281,17.063953,19.64781,91.350211,96.104651,93.261063,29.324895,18.023256,12.187709,30.942335,23.80814,28.649084,-,27.122093,39.090127
21,Puebla,138,San Nicolás de los Ranchos,n.d.,3636,84.77968,n.d.,88.733881,85.635431,n.d.,90.823318,15.562479,n.d.,9.276641,48.469472,n.d.,28.896723,97.750994,n.d.,95.160017,36.7382,n.d.,15.44712,38.579554,n.d.,35.007246,32.16605,n.d.,31.639983
21,Puebla,139,San Pablo Anicano,1177,1205,72.986652,82.173118,78.931006,75.136819,82.670968,79.893599,8.231368,5.376344,5.985037,40.266963,5.913978,10.723192,89.988877,96.55914,94.929343,33.036707,29.462366,27.182045,58.509455,70.215054,57.52286,25.472747,25.483871,34.33084
21,Puebla,140,San Pedro Cholula,38743,37830,55.413934,61.605766,58.080734,61.183541,70.008906,67.817374,12.557187,7.788747,8.235821,47.427116,21.925098,36.412523,72.059033,73.943552,67.368642,12.710845,12.743643,6.725562,41.739798,17.39016,9.714836,28.565259,21.065903,26.678966
21,Puebla,141,San Pedro Yeloixtlahuaca,1139,1088,72.814852,80.213659,73.383838,76.07528,81.861463,74.491276,10.681587,6.439024,5.785124,34.587996,8.585366,17.814509,75.788403,90.341463,93.02112,25.330621,22.926829,18.181818,65.310275,60.097561,51.698806,20.956256,19.804878,25.528007
21,Puebla,142,San Salvador el Seco,9137,9807,78.341972,84.58906,86.464914,80.856716,85.840052,90.455718,19.196133,12.974583,11.972521,60.575428,23.3243,51.280566,91.715271,95.630994,90.5989,21.692252,16.348629,10.428072,40.07771,29.694939,17.826879,24.662586,22.008692,31.332176
21,Puebla,143,San Salvador el Verde,10021,10840,75.869405,76.717988,73.57618,80.562801,81.80915,83.17564,11.862209,10.410285,11.665442,34.491309,19.669283,32.132751,88.818752,87.302202,78.235063,20.267861,13.700777,8.879847,18.933209,12.97277,13.187264,17.792815,19.321503,27.814166
21,Puebla,144,San Salvador Huixcolotla,5400,6622,81.98173,82.090149,86.500147,82.237502,82.467511,86.874563,13.122924,18.069352,18.114731,-,37.989676,68.419952,98.443863,98.625656,98.773647,43.50944,16.059151,12.709778,52.678905,28.114399,37.482834,42.226767,23.471396,23.016849
21,Puebla,145,San Sebastián Tlacotepec,3823,5239,95.259399,89.428721,95.801809,96.182767,89.547438,96.156244,18.024825,12.986484,16.066962,35.366073,-,10.063498,94.495413,97.800172,97.32538,64.57996,43.24878,52.126227,91.689153,97.34775,88.724264,31.138694,34.263249,43.428901
21,Puebla,146,Santa Catarina Tlaltempan,207,195,73.916318,92.211111,83.416667,81.979079,95.922222,89.583333,10.878661,-,10.9375,56.485356,-,17.708333,57.740586,85.555556,82.8125,41.841004,32.777778,34.375,14.644351,36.666667,38.541667,52.301255,-,45.833333
21,Puebla,147,Santa Inés Ahuatempan,2319,2070,88.669528,92.837896,86.94152,90.784549,95.726785,89.749513,14.077253,8.427268,6.920078,48.841202,10.305958,17.88499,78.712446,83.682233,89.035088,32.103004,26.570048,28.265107,74.420601,76.865271,54.093567,34.248927,24.369297,19.395712
21,Puebla,148,Santa Isabel Cholula,3600,4425,65.977633,73.592407,87.033044,66.139971,73.870725,87.817853,19.588745,13.366803,15.953539,39.466089,13.02165,28.693966,95.27417,97.7722,95.378459,33.694084,29.494823,18.927599,80.988456,62.503922,59.318221,25.21645,20.897396,34.331468
21,Puebla,149,Santiago Miahuatlán,11295,10435,66.415612,69.11211,76.993161,72.820062,74.443143,85.481272,16.601053,14.984983,13.854818,33.718019,15.391802,28.897098,71.679894,78.030539,74.444774,29.65069,28.529569,18.379051,53.893749,47.229836,24.536672,29.350212,25.412178,41.198537
21,Puebla,150,Huehuetlán el Grande,2769,2158,85.172232,91.47954,88.134328,86.567663,91.48295,88.558302,14.411248,10.954817,9.981343,62.126538,9.036658,18.283582,97.188049,99.019608,98.227612,36.643234,36.530264,25.746269,76.362039,71.14237,65.345149,16.344464,21.398124,-
21,Puebla,151,Santo Tomás Hueyotlipan,3111,3225,84.118173,89.966042,89.118601,86.143992,92.11567,93.18124,14.200596,10.116732,10.842607,74.975174,33.463035,45.055644,92.65144,95.790591,93.259141,15.09434,16.413159,16.693164,24.826216,18.853909,15.866455,22.24429,9.904492,12.27345
21,Puebla,152,Soltepec,3234,4000,84.791766,88.967956,80.731236,87.863101,89.988256,86.941709,15.942896,10.025908,11.831632,40.731457,13.567913,22.259019,87.252468,97.453679,85.515235,16.706056,11.284513,6.749646,59.116498,49.039939,31.309534,27.190847,13.092175,21.710337
21,Puebla,153,Tecali de Herrera,8215,8690,69.413784,73.878357,79.950182,71.411326,76.219336,83.467332,11.189093,7.749468,7.660136,30.794661,22.542554,41.626851,90.76096,91.361899,89.781787,16.168664,10.662436,9.218719,41.062469,27.01126,24.441373,25.141756,23.074966,33.445369
21,Puebla,154,Tecamachalco,27931,28305,73.275891,76.608818,75.096279,76.438481,80.601589,80.203522,13.258214,9.664987,11.323748,37.454513,16.997953,38.177961,87.116641,89.08999,85.21404,24.141061,14.934184,10.184329,34.194189,21.78984,23.238932,28.178057,20.991283,28.880457
21,Puebla,155,Tecomatlán,1810,2223,77.298097,83.484848,74.616495,79.677237,84.599242,76.928866,12.121212,7.045455,8.659794,35.51797,9.69697,17.57732,75.264271,92.80303,90.721649,19.027484,25,26.958763,48.907681,60.757576,44.381443,31.148696,27.045455,37.989691
21,Puebla,156,Tehuacán,123591,102543,62.971387,61.649936,63.395654,71.689969,70.817328,75.402719,17.292747,11.147617,11.584838,38.339902,14.723634,32.382531,70.240489,69.139829,62.870509,21.269342,16.266472,11.490625,20.568116,17.236675,11.597165,29.592233,30.97308,32.019282
21,Puebla,157,Tehuitzingo,2851,4164,80.512394,82.131694,84.377477,80.886967,84.102085,85.666726,12.232763,8.871427,9.677997,39.51942,11.170693,22.595212,94.228287,92.274881,94.833936,21.142079,17.304874,17.786113,80.878574,49.389239,66.067608,57.961331,16.945357,28.654959
21,Puebla,158,Tenampulco,2302,1981,84.558221,77.678161,72.880892,85.379754,78.57567,74.206285,6.729081,6.944444,5.62595,63.838502,9.003831,20.425748,94.733762,89.463602,89.102889,51.843183,39.703065,26.051698,79.637215,81.034483,71.566143,11.059099,27.538314,28.484541
21,Puebla,159,Teopantlán,1074,980,89.25,97.318826,97.19667,89.44586,97.32085,97.381894,16.16242,11.336032,10.926119,74.124204,34.412955,20.187305,99.044586,99.190283,99.583767,37.977707,38.05668,40.062435,61.146497,90.384615,80.228928,25.238854,31.477733,29.448491
21,Puebla,160,Teotlalco,1014,1151,78.085492,82.090592,80.183036,78.637306,82.684088,81.1125,10.492228,10.220674,11.607143,34.974093,8.943089,10.535714,96.761658,98.025552,96.785714,29.92228,24.390244,24.107143,67.61658,57.026713,51.607143,22.020725,14.053426,19.464286
21,Puebla,161,Tepanco de López,7962,8277,73.567057,69.45613,75.346052,75.602346,73.506582,84.446479,18.02342,10.716248,10.35136,36.244106,7.13428,31.083734,84.902422,82.695068,70.818435,18.043423,13.834886,10.292592,55.430146,35.089565,33.93199,23.691633,30.130737,32.996859
21,Puebla,162,Tepango de Rodríguez,1479,1456,95.911058,95.386606,97.472702,96.060096,95.466514,97.780926,14.122596,9.436834,10.228058,24.579327,9.208524,-,99.098558,99.162861,98.272287,61.959135,55.175038,51.347616,78.365385,78.767123,71.87284,42.728365,25.190259,36.351071
21,Puebla,163,Tepatlaxco de Hidalgo,6506,6462,81.993445,81.119318,87.427968,82.992496,83.2657,92.438432,18.811522,15.01543,13.953023,35.170125,15.948581,24.086731,92.183226,91.481884,86.465217,25.364093,16.796182,12.339874,41.907713,21.515081,21.180354,52.566926,29.24046,47.915174
21,Puebla,164,Tepeaca,31526,32206,73.12533,75.021325,80.381206,77.939857,77.467872,83.284551,14.273335,12.636846,13.310785,51.079983,23.996896,43.906641,85.978386,91.740192,91.197001,-,13.423901,11.179068,-,22.547934,22.737096,-,29.022658,37.637813
21,Puebla,165,Tepemaxalco,494,476,93.252632,97.765,91.255365,93.252632,98.515,91.454936,18.070175,12.5,-,34.912281,-,16.523605,99.298246,95,99.785408,35.438596,28.5,28.969957,95.964912,77.75,93.562232,44.736842,15.75,-
21,Puebla,166,Tepeojuma,2944,2869,72.924492,83.762134,85.411744,78.511133,88.982752,91.03903,16.940949,9.586843,12.658228,40.367861,17.649418,13.396624,86.25363,90.29282,89.873418,24.975799,18.531889,21.061885,48.2091,37.384677,31.082982,19.361084,22.222222,24.859353
21,Puebla,167,Tepetzintla,3557,4053,89.543445,88.405946,88.875309,89.693233,88.575409,95.254082,17.8802,8.068019,9.302326,22.796544,5.134534,-,84.374651,98.346499,74.220683,43.746648,38.600289,42.503711,92.227566,82.586718,69.421079,86.223165,24.035424,22.241465
21,Puebla,168,Tepexco,2682,2757,86.955224,90.14554,93.672228,87.037313,91.457533,94.416759,16.119403,14.596671,16.240267,22.014925,10.54204,5.858361,98.059701,91.933419,98.442714,48.955224,38.19889,46.829811,64.029851,84.677764,73.785688,38.880597,23.090055,14.979607
21,Puebla,169,Tepexi de Rodríguez,6923,8519,72.169489,74.823766,75.23561,78.971408,77.18199,77.484155,9.729492,6.28588,8.517869,25.527106,14.02609,34.117932,67.269452,88.687853,86.455302,24.829419,18.294397,14.156612,64.862548,52.912935,53.00506,32.911856,26.416992,37.066256
21,Puebla,170,Tepeyahualco,6469,6699,84.85764,78.585088,82.683446,85.856496,79.338241,85.969095,14.957255,11.420521,11.500597,27.584512,9.749525,23.781984,90.047958,97.255008,90.774132,21.475109,14.255236,8.4566,57.835469,34.032631,18.189193,48.035851,26.102301,39.445613
21,Puebla,171,Tepeyahualco de Cuauhtémoc,1190,1230,82.115053,82.166824,79.057377,84.860019,83.795476,83.822951,9.87536,7.257304,10.081967,37.67977,21.39491,31.557377,94.822627,95.004713,90.409836,18.408437,16.305372,8.52459,22.818792,14.043355,7.868852,4.889741,16.870877,-
21,Puebla,172,Tetela de Ocampo,9279,10093,79.60314,77.491113,83.053258,81.418808,78.582732,85.145961,13.446008,7.332312,6.413878,-,4.349316,28.287145,76.022701,95.355251,89.943677,28.115886,17.928316,12.928489,64.124841,48.780547,49.962245,37.440302,19.187027,45.745221
21,Puebla,173,Teteles de Avila Castillo,2111,2102,62.729656,68.91076,60.866222,68.150995,75.08873,72.604305,7.052441,4.99745,-,26.672694,10.45385,18.093285,73.779385,76.032636,67.401333,31.374322,20.856706,12.045105,-,32.483427,10.148642,-,17.032126,17.170682
21,Puebla,174,Teziutlán,35707,30683,53.926877,60.758195,56.837681,63.61684,69.633574,69.368698,12.214448,8.922539,9.619431,34.582747,23.094519,34.200543,65.542886,66.660714,64.085923,26.105347,19.61032,8.503272,-,26.775732,15.70344,24.753901,22.278579,22.155298
21,Puebla,175,Tianguismanalco,3955,4924,78.399081,72.642918,82.065075,79.905153,74.575848,83.590248,19.46134,15.627205,13.623901,46.852647,19.171605,39.600227,95.233116,88.460174,93.135089,39.548739,22.516726,23.274998,31.218664,42.952801,52.870071,41.994932,22.441413,36.698162
21,Puebla,176,Tilapa,3155,3233,63.520355,72.379101,68.666146,72.071058,77.071327,74.804809,11.695041,10.057061,8.931918,31.273131,9.022825,9.962523,77.387121,85.306705,82.823235,21.206514,22.289586,18.582136,19.541081,33.773181,26.951905,14.655811,25.74893,18.738289
21,Puebla,177,Tlacotepec de Benito Juárez,18358,21038,78.845935,82.339237,85.505395,79.832013,83.996944,87.224243,13.758188,12.498316,9.992378,36.659559,14.825505,34.02486,93.791116,93.177699,92.806588,21.624473,30.635231,13.545428,57.34952,57.451512,33.190959,30.416992,33.935476,32.848822
21,Puebla,178,Tlacuilotepec,7161,7085,89.131181,79.057376,90.737953,89.652039,79.180292,91.123377,8.89298,7.663146,8.527025,61.259601,14.591576,16.984375,96.394155,98.457309,96.147509,50.729635,22.937368,15.423417,85.549195,81.882093,87.0237,48.298119,32.519873,54.868025
21,Puebla,179,Tlachichuca,8749,10146,83.520967,84.345499,86.416656,84.468925,85.57325,89.227512,13.866208,8.990127,9.522879,-,6.046429,11.22245,96.57987,95.997795,91.73382,21.248704,12.732869,12.231537,36.561926,24.641503,24.043496,41.623146,25.81496,42.714719
21,Puebla,180,Tlahuapan,12669,12739,80.36064,80.079399,82.292226,84.789527,84.406577,87.845502,14.228456,10.409439,9.435594,35.820461,13.224327,30.309885,91.537475,89.868415,88.028168,28.440698,16.740084,11.284991,13.542645,14.833697,9.90857,29.390958,21.268475,28.712016
21,Puebla,181,Tlaltenango,2867,2729,79.133659,79.827508,76.962124,86.148329,87.612552,89.247308,14.506927,9.921082,10.174527,43.683782,11.762495,23.282584,81.173594,81.999248,75.232083,24.857376,21.871477,15.558856,32.02934,20.668921,15.15039,17.603912,17.888012,20.42332
21,Puebla,182,Tlanepantla,1969,2012,88.857993,94.651121,94.599601,89.003401,95.29679,96.027459,18.282313,13.688674,12.980529,38.180272,17.322835,27.408887,98.809524,98.667474,97.104343,34.438776,26.529376,24.163754,32.568027,20.654149,21.068397,23.384354,19.018776,20.918622
21,Puebla,183,Tlaola,5626,6902,87.179223,88.069221,95.224928,87.329669,88.44987,95.563092,13.639408,8.871494,9.236978,-,8.194177,11.168336,95.555823,97.993426,89.624256,38.373491,33.410304,28.087917,68.623539,82.420635,82.506877,65.168438,25.82327,35.775667
21,Puebla,184,Tlapacoya,2603,2505,90.265675,90.276362,91.005564,91.591923,90.420035,91.40461,12.858661,11.115993,10.969793,43.676939,4.43761,-,90.435707,98.989455,97.972973,48.671626,34.578207,37.042925,88.735388,89.806678,85.015898,52.178533,34.00703,-
21,Puebla,185,Tlapanalá,3051,3751,74.51439,82.552125,79.622522,74.943103,83.090617,81.211833,21.534899,17.040898,14.32074,51.108171,22.694467,31.742258,97.287463,93.183641,92.123538,21.931856,23.576584,13.208599,34.965266,45.509222,40.193653,16.043665,25.862069,32.779766
21,Puebla,186,Tlatlauquitepec,17331,16519,74.696863,74.956698,73.461001,76.746591,78.01166,77.328585,9.535044,4.177751,5.353155,33.784142,8.458798,16.492469,89.9633,88.145359,81.873424,26.384319,12.904179,10.312552,48.563593,45.755344,33.779381,36.178958,16.204484,21.635874
21,Puebla,187,Tlaxco,1885,1575,91.162494,82.94844,84.446223,91.507055,83.232336,85.329706,17.888029,11.9669,14.788732,34.729176,11.45767,13.700384,74.32863,96.626353,95.518566,60.673646,41.629535,26.760563,81.702321,80.521961,65.620999,-,26.67091,-
21,Puebla,188,Tochimilco,4194,6885,86.84866,89.417634,91.649274,88.306787,90.174594,92.667686,21.186043,16.335318,15.051333,41.242457,22.531448,23.886884,92.675963,98.289944,96.965083,24.457979,20.357887,15.784327,72.258457,73.49919,70.188461,29.068719,25.312308,35.515058
21,Puebla,189,Tochtepec,6548,7888,77.427354,82.297747,82.379509,78.986631,83.868694,84.439509,16.964182,12.716959,11.490343,43.067613,14.832155,30.717602,91.300868,93.844874,94.328587,22.327012,14.716251,11.945978,49.763576,17.766824,25.251289,41.002154,24.420562,35.245102
21,Puebla,190,Totoltepec de Guerrero,372,321,89.52648,84.577586,85.487578,91.352025,85.563218,86.385093,6.853583,-,-,88.47352,17.528736,16.149068,95.327103,94.54023,94.099379,40.809969,27.011494,23.602484,64.485981,70.402299,63.975155,30.218069,37.068966,56.21118
21,Puebla,191,Tulcingo,3171,3108,80.363915,90.459662,83.726576,80.569577,90.97636,85.338446,17.803547,10.281426,11.070357,44.849932,7.954972,19.006335,97.748977,98.536585,95.031677,25.068213,19.324578,19.839947,58.424284,55.984991,43.814605,56.957708,25.253283,17.739246
21,Puebla,192,Tuzamapan de Galeana,1934,1731,74.114512,80.970903,81.053664,79.205215,82.013064,81.750144,7.369615,-,-,21.428571,5.997625,7.443739,70.181406,86.817102,93.133295,46.598639,27.256532,21.638777,48.979592,80.522565,65.377957,24.943311,30.87886,28.678592
21,Puebla,193,Tzicatlacoyan,2594,2193,84.709382,87.935093,79.831967,85.053547,87.935093,83.462204,12.860412,12.418866,10.701275,40.549199,13.067936,19.216758,96.979405,98.572047,73.679417,30.800915,32.193855,16.393443,68.05492,78.926871,31.147541,17.574371,6.663782,23.497268
21,Puebla,194,Venustiano Carranza,11045,11550,77.459568,74.966357,78.082016,78.341231,76.178632,79.865217,11.736768,9.207086,9.474304,35.877346,13.829716,27.995503,92.601825,92.925387,91.377439,33.518075,21.843794,15.462,54.910364,49.507226,64.571737,29.900363,22.638226,36.327412
21,Puebla,195,Vicente Guerrero,10830,10860,90.988819,96.581402,95.5281,90.988819,96.70318,95.844481,21.960099,16.751931,16.454763,45.29052,7.854348,9.43431,87.363469,97.632661,98.618021,25.817689,39.362022,32.762115,96.861194,85.515097,77.068362,57.317738,43.254088,34.44813
21,Puebla,196,Xayacatlán de Bravo,476,453,72.299213,78.596244,75.498871,73.622047,79.50939,76.316027,7.874016,6.103286,5.643341,40.15748,6.57277,12.41535,85.564304,89.201878,88.713318,21.784777,21.830986,16.704289,80.314961,57.746479,43.792325,68.766404,19.014085,13.544018
21,Puebla,197,Xicotepec,29614,28661,78.825767,74.18372,76.354393,81.399947,76.820643,82.833238,14.489348,10.084018,10.225564,37.415114,11.519625,32.071334,91.138278,90.230286,79.69869,39.383735,26.39641,20.674744,40.056545,29.600283,-,44.065689,22.230643,37.103487
21,Puebla,198,Xicotlán,415,433,89.621622,96.994253,88.806977,93.995495,96.994253,88.976744,12.612613,8.045977,-,54.504505,-,-,77.927928,96.551724,-,29.72973,20.402299,21.395349,72.522523,97.701149,93.953488,44.594595,29.597701,-
21,Puebla,199,Xiutetelco,16566,15527,83.471987,77.834993,79.104186,84.972945,79.365336,81.484446,19.635389,13.87009,12.24367,41.441435,13.807062,30.487812,93.206745,94.352546,92.453221,57.075488,31.423612,15.61019,69.523663,27.19242,18.38602,59.26022,24.339002,38.567655
21,Puebla,200,Xochiapulco,1176,1091,84.192275,87.355277,81.076636,84.832074,88.410658,86.902804,14.945424,11.07628,-,50.797649,7.210031,11.308411,91.183879,90.909091,86.728972,53.400504,36.572623,31.214953,67.506297,65.308255,38.691589,76.070529,12.748171,25.794393
21,Puebla,201,Xochiltepec,1221,1168,80.087629,84.356189,78.568259,80.630584,84.56545,78.821672,16.151203,9.171861,8.191126,40.463918,6.411398,12.713311,97.250859,98.753339,96.928328,31.013746,29.652716,20.136519,30.670103,61.442565,40.443686,24.054983,32.413179,24.658703
21,Puebla,202,Xochitlán de Vicente Suárez,3510,4493,83.392474,87.129001,91.584535,83.688815,87.597879,92.310478,19.551983,13.277825,12.096411,17.400488,6.919412,14.647926,96.472739,98.158874,95.318627,38.261675,35.30511,20.079862,69.740087,75.070802,77.5396,32.569906,20.338791,36.008105
21,Puebla,203,Xochitlán Todos Santos,2537,2645,88.967456,94.634624,91.673462,89.911243,95.777729,94.442809,21.37574,15.137016,16.949792,37.056213,9.917355,15.402039,95.857988,97.868639,94.110985,41.494083,29.491083,25.028313,50.147929,51.500652,35.409589,14.053254,21.835581,20.347301
21,Puebla,204,Yaonáhuac,2955,2636,73.965383,76.847114,69.346606,76.976274,81.24649,74.508532,10.112797,4.446178,4.816079,79.891093,12.675507,22.98066,84.947491,85.179407,76.867653,53.092182,36.778471,22.37391,55.114741,46.567863,23.852863,35.978219,10.803432,28.744786
21,Puebla,205,Yehualtepec,9204,9491,83.647062,84.245614,86.881582,84.100515,85.45428,88.401549,16.975565,14.25768,13.632428,58.271929,17.410073,25.49883,98.176077,96.216308,94.21729,16.564426,15.093595,10.376502,56.074503,34.292776,39.300602,17.627721,24.648775,25.192704
21,Puebla,206,Zacapala,1593,1588,80.066522,90.080969,77.585539,83.596529,91.605536,79.438993,17.859725,11.557093,11.233054,39.551699,6.228374,18.786314,85.321764,93.84083,93.156875,33.261027,21.937716,21.49774,67.606652,54.67128,54.551323,36.731743,27.750865,21.820529
21,Puebla,207,Zacapoaxtla,16993,20387,79.419749,75.396227,79.536661,82.056418,79.522283,84.054387,10.000626,6.111273,6.500732,50.535144,10.544525,18.916563,83.729158,85.260944,83.840761,36.209381,19.892042,20.048361,68.358715,47.535755,50.18681,25.832765,14.640216,38.679187
21,Puebla,208,Zacatlán,29269,29749,73.931048,73.183437,80.933061,76.539068,76.070504,83.6509,11.261742,6.577768,9.023194,35.25918,8.313879,22.09344,85.404052,88.740178,90.041472,28.912835,20.20459,-,-,38.792672,-,40.083691,15.952865,26.748126
21,Puebla,209,Zapotitlán,3109,2755,79.141121,82.578654,81.009472,80.579381,84.160795,84.099454,13.014504,8.196721,7.868852,46.491572,16.846878,25.100182,89.729518,92.989187,90.856102,32.575461,26.159749,21.092896,44.923559,46.355075,39.016393,-,29.368678,24.772313
21,Puebla,210,Zapotitlán de Méndez,1958,1877,83.703779,81.293702,83.886853,84.068826,81.656857,84.241379,14.439946,6.827546,5.711207,13.157895,1.765745,-,96.356275,96.17422,94.827586,48.245614,37.610359,27.747845,45.209177,69.217187,57.435345,31.578947,20.129488,33.459052
21,Puebla,211,Zaragoza,5292,5412,60.167374,65.447568,67.971337,70.657822,72.281291,74.375023,8.559501,4.66087,5.272557,29.846351,16.308371,38.476543,68.067927,78.498647,79.37212,16.567976,13.146681,8.725769,16.129291,16.671905,12.751836,27.474907,15.96344,24.464945
21,Puebla,212,Zautla,4697,8544,77.156697,85.602365,89.690784,79.471011,89.224681,90.708724,-,9.377116,9.086103,57.097816,8.143683,18.033238,83.865348,85.320495,95.455804,47.270422,28.502702,19.280716,-,62.075056,68.174581,-,27.190436,52.45092
21,Puebla,213,Zihuateutla,5262,5079,80.531218,80.938371,83.612161,80.711943,81.292712,84.931497,14.115747,11.146604,6.920846,-,7.294949,-,94.963521,94.69935,90.429361,37.644033,31.283979,19.032744,88.230239,85.763953,73.053001,48.247078,35.371616,48.906055
21,Puebla,214,Zinacatepec,5105,5372,79.377373,81.97348,85.736092,81.579526,84.898297,89.967282,23.127515,14.506143,13.591492,20.426935,14.45204,28.991135,93.961991,90.271743,88.911658,27.154698,29.101508,22.897374,34.893452,38.531349,35.477192,25.553355,25.461369,34.118737
21,Puebla,215,Zongozotla,1540,1227,92.797806,93.987752,88.735126,94.307994,94.847262,95.066015,10.815047,11.527378,8.964955,17.633229,7.564841,5.378973,94.122257,97.334294,82.477588,36.206897,31.772334,20.456398,46.159875,63.040346,34.555827,-,11.67147,14.01793
21,Puebla,216,Zoquiapan,893,809,86.210641,89.306616,83.499379,86.537459,89.320611,84.029814,8.903366,9.923664,7.329193,24.429967,8.778626,14.534161,95.656895,98.473282,93.664596,45.711183,39.694656,24.720497,67.861021,77.480916,69.937888,57.32899,35.877863,35.652174
21,Puebla,217,Zoquitlán,8172,8308,95.105849,98.923463,97.378535,95.216514,98.979925,97.539038,24.633028,19.224871,18.914672,53.211009,5.213997,9.560068,99.334862,99.428412,98.235436,60.974771,50.522794,42.675852,89.197248,87.606301,77.95504,56.777523,16.938519,26.686004
